2021-08-20 21:43:11,73.0,21.0
2021-08-20 21:43:12,73.0,21.0
2021-08-20 21:43:13,73.0,20.9
2021-08-20 21:43:14,73.0,20.9
2021-08-20 21:43:15,73.0,21.0
2021-08-20 21:43:16,73.0,21.0
2021-08-20 21:43:17,73.0,21.0
2021-08-20 21:43:18,73.0,21.0
2021-08-20 21:43:19,73.0,21.0
2021-08-20 21:43:20,73.0,21.0
2021-08-20 21:43:21,73.0,21.0
2021-08-20 21:43:22,73.0,21.0
2021-08-20 21:43:23,73.0,21.0
2021-08-20 21:43:24,73.0,21.0
2021-08-20 21:43:25,73.0,21.0
2021-08-20 21:43:26,73.0,21.0
2021-08-20 21:43:27,73.0,21.0
2021-08-20 21:43:28,73.0,21.0
2021-08-20 21:43:29,73.0,21.0
2021-08-20 21:43:30,73.0,21.0
2021-08-20 21:43:31,73.0,21.0
2021-08-20 21:43:32,73.0,21.0
2021-08-20 21:43:33,73.0,21.0
2021-08-20 21:43:34,73.0,21.0
2021-08-20 21:43:35,73.0,21.0
2021-08-20 21:43:36,73.0,21.0
2021-08-20 21:43:37,73.0,21.0
2021-08-20 21:43:38,73.0,21.0
2021-08-20 21:43:39,73.0,21.0
2021-08-20 21:43:40,73.0,21.0
2021-08-20 21:43:41,73.0,21.0
2021-08-20 21:43:42,73.0,21.0
2021-08-20 21:43:43,73.0,21.0
2021-08-20 21:43:44,73.0,21.0
2021-08-20 21:43:45,73.0,21.0
2021-08-20 21:43:46,73.0,21.0
2021-08-20 21:43:47,73.0,21.0
2021-08-20 21:43:48,73.0,21.0
2021-08-20 21:43:49,73.0,21.0
2021-08-20 21:43:50,73.0,21.0
2021-08-20 21:43:52,73.0,21.0
2021-08-20 21:43:53,73.0,21.0
2021-08-20 21:43:54,73.0,21.0
2021-08-20 21:43:55,73.0,21.0
2021-08-20 21:43:56,73.0,21.0
2021-08-20 21:43:57,73.0,21.0
2021-08-20 21:43:58,73.0,21.0
2021-08-20 21:43:59,73.0,21.0
2021-08-20 21:44:00,73.0,21.0
2021-08-20 21:44:01,73.0,21.0
2021-08-20 21:44:02,73.0,21.0
2021-08-20 21:44:03,73.0,21.0
2021-08-20 21:44:04,73.0,21.0
2021-08-20 21:44:05,73.0,21.0
2021-08-20 21:44:06,73.0,21.0
2021-08-20 21:44:07,73.0,21.0
2021-08-20 21:44:08,73.0,21.0
2021-08-20 21:44:09,73.0,21.0
2021-08-20 21:44:10,73.0,21.0
2021-08-20 21:44:11,73.0,21.0
2021-08-20 21:44:12,73.0,21.0
2021-08-20 21:44:13,73.0,21.0
2021-08-20 21:44:14,73.0,21.0
2021-08-20 21:44:15,73.0,21.0
2021-08-20 21:44:16,73.0,21.0
2021-08-20 21:44:17,73.0,21.0
2021-08-20 21:44:18,73.0,21.0
2021-08-20 21:44:19,73.0,21.0
2021-08-20 21:44:20,73.0,21.0
2021-08-20 21:44:21,73.0,21.0
2021-08-20 21:44:22,73.0,21.0
2021-08-20 21:44:23,73.0,21.0
2021-08-20 21:44:24,73.0,21.0
2021-08-20 21:44:25,73.0,21.0
2021-08-20 21:44:26,73.0,21.0
2021-08-20 21:44:27,73.0,21.0
2021-08-20 21:44:28,73.0,21.0
2021-08-20 21:44:29,73.0,21.0
2021-08-20 21:44:30,73.0,21.0
2021-08-20 21:44:31,73.0,21.0
2021-08-20 21:44:32,73.0,21.0
2021-08-20 21:44:33,73.0,21.0
2021-08-20 21:44:34,73.0,21.0
2021-08-20 21:44:35,73.0,21.0
2021-08-20 21:44:36,73.0,21.0
2021-08-20 21:44:37,73.0,21.0
2021-08-20 21:44:38,73.0,21.0
2021-08-20 21:44:39,73.0,21.0
2021-08-20 21:44:40,73.0,21.0
2021-08-20 21:44:41,73.0,21.0
2021-08-20 21:44:42,73.0,21.0
2021-08-20 21:44:43,73.0,21.0
2021-08-20 21:44:44,73.0,21.0
2021-08-20 21:44:45,73.0,21.0
2021-08-20 21:44:46,73.0,21.0
2021-08-20 21:44:47,73.0,21.0
2021-08-20 21:44:48,73.0,21.0
2021-08-20 21:44:49,73.0,21.0
2021-08-20 21:44:50,73.0,21.0
2021-08-20 21:44:51,73.0,21.0
2021-08-20 21:44:52,73.0,21.0
2021-08-20 21:44:53,73.0,21.0
2021-08-20 21:44:54,73.0,21.0
2021-08-20 21:44:55,73.0,21.0
2021-08-20 21:44:56,73.0,21.0
2021-08-20 21:44:57,73.0,21.0
2021-08-20 21:44:58,73.0,21.0
2021-08-20 21:44:59,73.0,21.0
2021-08-20 21:45:00,73.0,21.0
2021-08-20 21:45:01,73.0,21.0
2021-08-20 21:45:02,73.0,21.0
2021-08-20 21:45:03,73.0,21.0
2021-08-20 21:45:04,73.0,21.0
2021-08-20 21:45:05,73.0,21.0
2021-08-20 21:45:07,73.0,21.0
2021-08-20 21:45:08,73.0,21.0
2021-08-20 21:45:09,73.0,21.0
2021-08-20 21:45:10,73.0,21.0
2021-08-20 21:45:11,73.0,21.0
2021-08-20 21:45:12,73.0,21.0
2021-08-20 21:45:13,73.0,21.0
2021-08-20 21:45:14,73.0,21.0
2021-08-20 21:45:15,73.0,21.1
2021-08-20 21:45:16,73.0,21.1
2021-08-20 21:45:17,73.0,21.1
2021-08-20 21:45:18,73.0,21.1
2021-08-20 21:45:19,73.0,21.0
2021-08-20 21:45:20,73.0,21.0
2021-08-20 21:45:21,73.0,21.1
2021-08-20 21:45:22,73.0,21.1
2021-08-20 21:45:23,73.0,21.1
2021-08-20 21:45:24,73.0,21.1
2021-08-20 21:45:25,73.0,21.1
2021-08-20 21:45:26,73.0,21.1
2021-08-20 21:45:27,73.0,21.1
2021-08-20 21:45:28,73.0,21.1
2021-08-20 21:45:29,73.0,21.1
2021-08-20 21:45:30,73.0,21.1
2021-08-20 21:45:31,73.0,21.1
2021-08-20 21:45:32,73.0,21.1
2021-08-20 21:45:33,73.0,21.1
2021-08-20 21:45:34,73.0,21.1
2021-08-20 21:45:35,73.0,21.1
2021-08-20 21:45:36,73.0,21.1
2021-08-20 21:45:37,73.0,21.1
2021-08-20 21:45:38,73.0,21.1
2021-08-20 21:45:39,73.0,21.1
2021-08-20 21:45:40,73.0,21.1
2021-08-20 21:45:41,73.0,21.1
2021-08-20 21:45:42,73.0,21.1
2021-08-20 21:45:43,73.0,21.1
2021-08-20 21:45:44,73.0,21.1
2021-08-20 21:45:45,73.0,21.1
2021-08-20 21:45:46,73.0,21.1
2021-08-20 21:45:47,73.0,21.1
2021-08-20 21:45:48,73.0,21.1
2021-08-20 21:45:49,73.0,21.1
2021-08-20 21:45:50,73.0,21.1
2021-08-20 21:45:51,73.0,21.1
2021-08-20 21:45:52,73.0,21.1
2021-08-20 21:45:53,73.0,21.1
2021-08-20 21:45:54,73.0,21.1
2021-08-20 21:45:55,72.0,21.1
2021-08-20 21:45:56,72.0,21.1
2021-08-20 21:45:57,73.0,21.1
2021-08-20 21:45:58,73.0,21.1
2021-08-20 21:45:59,72.0,21.1
2021-08-20 21:46:00,72.0,21.1
2021-08-20 21:46:01,73.0,21.1
2021-08-20 21:46:02,73.0,21.1
2021-08-20 21:46:03,72.0,21.1
2021-08-20 21:46:04,72.0,21.1
2021-08-20 21:46:05,72.0,21.1
2021-08-20 21:46:06,72.0,21.1
2021-08-20 21:46:07,72.0,21.1
2021-08-20 21:46:08,72.0,21.1
2021-08-20 21:46:09,72.0,21.1
2021-08-20 21:46:10,72.0,21.1
2021-08-20 21:46:11,72.0,21.1
2021-08-20 21:46:12,72.0,21.1
2021-08-20 21:46:13,72.0,21.1
2021-08-20 21:46:14,72.0,21.1
2021-08-20 21:46:15,72.0,21.1
2021-08-20 21:46:16,72.0,21.1
2021-08-20 21:46:17,72.0,21.1
2021-08-20 21:46:18,72.0,21.1
2021-08-20 21:46:20,72.0,21.1
2021-08-20 21:46:21,72.0,21.1
2021-08-20 21:46:22,72.0,21.1
2021-08-20 21:46:23,72.0,21.1
2021-08-20 21:46:24,72.0,21.1
2021-08-20 21:46:25,72.0,21.1
2021-08-20 21:46:26,72.0,21.1
2021-08-20 21:46:27,72.0,21.1
2021-08-20 21:46:28,72.0,21.1
2021-08-20 21:46:29,72.0,21.1
2021-08-20 21:46:30,72.0,21.1
2021-08-20 21:46:31,72.0,21.1
2021-08-20 21:46:32,72.0,21.1
2021-08-20 21:46:33,72.0,21.1
2021-08-20 21:46:34,72.0,21.1
2021-08-20 21:46:35,72.0,21.1
2021-08-20 21:46:36,72.0,21.1
2021-08-20 21:46:37,72.0,21.1
2021-08-20 21:46:38,72.0,21.1
2021-08-20 21:46:39,72.0,21.1
2021-08-20 21:46:40,72.0,21.1
2021-08-20 21:46:41,72.0,21.1
2021-08-20 21:46:42,72.0,21.1
2021-08-20 21:46:43,72.0,21.1
2021-08-20 21:46:44,72.0,21.1
2021-08-20 21:46:45,72.0,21.1
2021-08-20 21:46:46,72.0,21.1
2021-08-20 21:46:47,72.0,21.1
2021-08-20 21:46:48,72.0,21.1
2021-08-20 21:46:49,72.0,21.1
2021-08-20 21:46:50,72.0,21.1
2021-08-20 21:46:51,72.0,21.1
2021-08-20 21:46:52,72.0,21.1
2021-08-20 21:46:53,72.0,21.1
2021-08-20 21:46:54,72.0,21.1
2021-08-20 21:46:55,72.0,21.1
2021-08-20 21:46:56,72.0,21.1
2021-08-20 21:46:57,72.0,21.1
2021-08-20 21:46:58,72.0,21.1
2021-08-20 21:46:59,72.0,21.1
2021-08-20 21:47:00,72.0,21.1
2021-08-20 21:47:01,72.0,21.1
2021-08-20 21:47:02,72.0,21.1
2021-08-20 21:47:03,72.0,21.1
2021-08-20 21:47:04,72.0,21.1
2021-08-20 21:47:05,72.0,21.1
2021-08-20 21:47:06,72.0,21.1
2021-08-20 21:47:07,72.0,21.1
2021-08-20 21:47:08,72.0,21.1
2021-08-20 21:47:09,72.0,21.1
2021-08-20 21:47:10,72.0,21.1
2021-08-20 21:47:11,72.0,21.1
2021-08-20 21:47:12,72.0,21.1
2021-08-20 21:47:13,72.0,21.1
2021-08-20 21:47:14,72.0,21.1
2021-08-20 21:47:15,72.0,21.1
2021-08-20 21:47:16,72.0,21.1
2021-08-20 21:47:17,72.0,21.1
2021-08-20 21:47:18,72.0,21.1
2021-08-20 21:47:19,72.0,21.1
2021-08-20 21:47:20,72.0,21.1
2021-08-20 21:47:21,72.0,21.1
2021-08-20 21:47:22,72.0,21.1
2021-08-20 21:47:23,72.0,21.1
2021-08-20 21:47:24,72.0,21.1
2021-08-20 21:47:25,72.0,21.1
2021-08-20 21:47:26,72.0,21.1
2021-08-20 21:47:27,72.0,21.1
2021-08-20 21:47:28,72.0,21.1
2021-08-20 21:47:29,72.0,21.1
2021-08-20 21:47:30,72.0,21.1
2021-08-20 21:47:31,72.0,21.1
2021-08-20 21:47:32,72.0,21.1
2021-08-20 21:47:34,72.0,21.1
2021-08-20 21:47:35,72.0,21.1
2021-08-20 21:47:36,72.0,21.1
2021-08-20 21:47:37,72.0,21.1
2021-08-20 21:47:38,72.0,21.1
2021-08-20 21:47:39,72.0,21.1
2021-08-20 21:47:40,72.0,21.1
2021-08-20 21:47:41,72.0,21.1
2021-08-20 21:47:42,72.0,21.1
2021-08-20 21:47:43,72.0,21.1
2021-08-20 21:47:44,72.0,21.1
2021-08-20 21:47:45,72.0,21.1
2021-08-20 21:47:46,72.0,21.1
2021-08-20 21:47:47,72.0,21.1
2021-08-20 21:47:48,72.0,21.1
2021-08-20 21:47:49,72.0,21.1
2021-08-20 21:47:50,72.0,21.1
2021-08-20 21:47:51,72.0,21.1
2021-08-20 21:47:52,72.0,21.1
2021-08-20 21:47:53,72.0,21.1
2021-08-20 21:47:54,72.0,21.1
2021-08-20 21:47:55,72.0,21.1
2021-08-20 21:47:56,72.0,21.1
2021-08-20 21:47:57,72.0,21.1
2021-08-20 21:47:58,72.0,21.1
2021-08-20 21:47:59,72.0,21.1
2021-08-20 21:48:00,72.0,21.1
2021-08-20 21:48:01,72.0,21.1
2021-08-20 21:48:02,72.0,21.1
2021-08-20 21:48:03,72.0,21.1
2021-08-20 21:48:04,72.0,21.1
2021-08-20 21:48:05,72.0,21.1
2021-08-20 21:48:06,72.0,21.1
2021-08-20 21:48:07,72.0,21.1
2021-08-20 21:48:08,72.0,21.1
2021-08-20 21:48:09,72.0,21.1
2021-08-20 21:48:10,72.0,21.1
2021-08-20 21:48:11,72.0,21.1
2021-08-20 21:48:12,72.0,21.1
2021-08-20 21:48:13,72.0,21.1
2021-08-20 21:48:14,72.0,21.1
2021-08-20 21:48:15,72.0,21.1
2021-08-20 21:48:16,72.0,21.1
2021-08-20 21:48:17,72.0,21.1
2021-08-20 21:48:18,72.0,21.1
2021-08-20 21:48:19,72.0,21.1
2021-08-20 21:48:20,72.0,21.1
2021-08-20 21:48:21,72.0,21.1
2021-08-20 21:48:22,72.0,21.1
2021-08-20 21:48:23,72.0,21.1
2021-08-20 21:48:24,72.0,21.1
2021-08-20 21:48:25,72.0,21.2
2021-08-20 21:48:26,72.0,21.2
2021-08-20 21:48:27,72.0,21.2
2021-08-20 21:48:28,72.0,21.2
2021-08-20 21:48:29,72.0,21.2
2021-08-20 21:48:30,72.0,21.2
2021-08-20 21:48:31,72.0,21.2
2021-08-20 21:48:32,72.0,21.2
2021-08-20 21:48:33,72.0,21.2
2021-08-20 21:48:34,72.0,21.2
2021-08-20 21:48:35,72.0,21.3
2021-08-20 21:48:36,72.0,21.3
2021-08-20 21:48:37,72.0,21.3
2021-08-20 21:48:38,72.0,21.3
2021-08-20 21:48:39,72.0,21.3
2021-08-20 21:48:40,72.0,21.3
2021-08-20 21:48:41,72.0,21.3
2021-08-20 21:48:42,72.0,21.3
2021-08-20 21:48:43,72.0,21.4
2021-08-20 21:48:44,72.0,21.4
2021-08-20 21:48:45,72.0,21.4
2021-08-20 21:48:46,72.0,21.4
2021-08-20 21:48:48,72.0,21.4
2021-08-20 21:48:49,72.0,21.4
2021-08-20 21:48:50,72.0,21.4
2021-08-20 21:48:51,72.0,21.4
2021-08-20 21:48:52,72.0,21.4
2021-08-20 21:48:53,72.0,21.4
2021-08-20 21:48:54,72.0,21.4
2021-08-20 21:48:55,72.0,21.4
2021-08-20 21:48:56,72.0,21.4
2021-08-20 21:48:57,72.0,21.4
2021-08-20 21:48:58,72.0,21.4
2021-08-20 21:48:59,72.0,21.4
2021-08-20 21:49:00,72.0,21.4
2021-08-20 21:49:01,72.0,21.4
2021-08-20 21:49:02,72.0,21.4
2021-08-20 21:49:03,72.0,21.4
2021-08-20 21:49:04,72.0,21.4
2021-08-20 21:49:05,72.0,21.4
2021-08-20 21:49:06,72.0,21.4
2021-08-20 21:49:07,72.0,21.4
2021-08-20 21:49:08,72.0,21.4
2021-08-20 21:49:09,72.0,21.4
2021-08-20 21:49:10,72.0,21.4
2021-08-20 21:49:11,72.0,21.4
2021-08-20 21:49:12,72.0,21.4
2021-08-20 21:49:13,72.0,21.4
2021-08-20 21:49:14,72.0,21.4
2021-08-20 21:49:15,72.0,21.4
2021-08-20 21:49:16,72.0,21.4
2021-08-20 21:49:17,72.0,21.4
2021-08-20 21:49:18,72.0,21.4
2021-08-20 21:49:19,72.0,21.4
2021-08-20 21:49:20,72.0,21.4
2021-08-20 21:49:21,72.0,21.4
2021-08-20 21:49:22,72.0,21.4
2021-08-20 21:49:23,72.0,21.4
2021-08-20 21:49:24,71.0,21.4
2021-08-20 21:49:25,71.0,21.4
2021-08-20 21:49:26,71.0,21.4
2021-08-20 21:49:27,71.0,21.4
2021-08-20 21:49:28,71.0,21.4
2021-08-20 21:49:29,71.0,21.4
2021-08-20 21:49:30,71.0,21.4
2021-08-20 21:49:31,71.0,21.4
2021-08-20 21:49:32,71.0,21.4
2021-08-20 21:49:33,71.0,21.4
2021-08-20 21:49:34,71.0,21.4
2021-08-20 21:49:35,71.0,21.4
2021-08-20 21:49:36,71.0,21.4
2021-08-20 21:49:37,71.0,21.4
2021-08-20 21:49:38,71.0,21.4
2021-08-20 21:49:39,71.0,21.4
2021-08-20 21:49:40,71.0,21.4
2021-08-20 21:49:41,71.0,21.4
2021-08-20 21:49:42,71.0,21.4
2021-08-20 21:49:43,71.0,21.4
2021-08-20 21:49:44,71.0,21.4
2021-08-20 21:49:45,71.0,21.4
2021-08-20 21:49:46,71.0,21.4
2021-08-20 21:49:47,71.0,21.4
2021-08-20 21:49:48,71.0,21.4
2021-08-20 21:49:49,71.0,21.4
2021-08-20 21:49:50,71.0,21.4
2021-08-20 21:49:51,71.0,21.4
2021-08-20 21:49:52,71.0,21.4
2021-08-20 21:49:53,71.0,21.4
2021-08-20 21:49:54,71.0,21.4
2021-08-20 21:49:55,71.0,21.4
2021-08-20 21:49:56,71.0,21.4
2021-08-20 21:49:57,71.0,21.4
2021-08-20 21:49:58,71.0,21.4
2021-08-20 21:49:59,71.0,21.4
2021-08-20 21:50:01,71.0,21.4
2021-08-20 21:50:02,71.0,21.4
2021-08-20 21:50:03,71.0,21.4
2021-08-20 21:50:04,71.0,21.4
2021-08-20 21:50:05,71.0,21.4
2021-08-20 21:50:06,71.0,21.4
2021-08-20 21:50:07,71.0,21.4
2021-08-20 21:50:08,71.0,21.4
2021-08-20 21:50:09,71.0,21.4
2021-08-20 21:50:10,71.0,21.4
2021-08-20 21:50:11,71.0,21.3
2021-08-20 21:50:12,71.0,21.3
2021-08-20 21:50:13,71.0,21.3
2021-08-20 21:50:14,71.0,21.3
2021-08-20 21:50:15,71.0,21.3
2021-08-20 21:50:16,71.0,21.3
2021-08-20 21:50:17,71.0,21.3
2021-08-20 21:50:18,71.0,21.3
2021-08-20 21:50:19,71.0,21.3
2021-08-20 21:50:20,71.0,21.3
2021-08-20 21:50:21,71.0,21.3
2021-08-20 21:50:22,71.0,21.3
2021-08-20 21:50:23,71.0,21.3
2021-08-20 21:50:24,71.0,21.3
2021-08-20 21:50:25,71.0,21.3
2021-08-20 21:50:26,71.0,21.3
2021-08-20 21:50:27,71.0,21.3
2021-08-20 21:50:28,71.0,21.3
2021-08-20 21:50:29,71.0,21.3
2021-08-20 21:50:30,71.0,21.3
2021-08-20 21:50:31,71.0,21.3
2021-08-20 21:50:32,71.0,21.3
2021-08-20 21:50:33,71.0,21.3
2021-08-20 21:50:34,71.0,21.3
2021-08-20 21:50:35,71.0,21.3
2021-08-20 21:50:36,71.0,21.3
2021-08-20 21:50:37,71.0,21.3
2021-08-20 21:50:38,71.0,21.3
2021-08-20 21:50:39,71.0,21.3
2021-08-20 21:50:40,71.0,21.3
2021-08-20 21:50:41,71.0,21.3
2021-08-20 21:50:42,71.0,21.3
2021-08-20 21:50:43,71.0,21.3
2021-08-20 21:50:44,71.0,21.3
2021-08-20 21:50:45,71.0,21.3
2021-08-20 21:50:46,71.0,21.3
2021-08-20 21:50:47,71.0,21.3
2021-08-20 21:50:48,71.0,21.3
2021-08-20 21:50:49,71.0,21.3
2021-08-20 21:50:50,71.0,21.3
2021-08-20 21:50:51,71.0,21.3
2021-08-20 21:50:52,71.0,21.3
2021-08-20 21:50:53,71.0,21.3
2021-08-20 21:50:54,71.0,21.3
2021-08-20 21:50:55,71.0,21.3
2021-08-20 21:50:56,71.0,21.3
2021-08-20 21:50:57,71.0,21.3
2021-08-20 21:50:58,71.0,21.3
2021-08-20 21:50:59,71.0,21.3
2021-08-20 21:51:00,71.0,21.3
2021-08-20 21:51:01,71.0,21.3
2021-08-20 21:51:02,71.0,21.3
2021-08-20 21:51:03,71.0,21.3
2021-08-20 21:51:04,71.0,21.3
2021-08-20 21:51:05,71.0,21.3
2021-08-20 21:51:06,71.0,21.3
2021-08-20 21:51:07,71.0,21.3
2021-08-20 21:51:08,71.0,21.3
2021-08-20 21:51:09,71.0,21.3
2021-08-20 21:51:10,71.0,21.3
2021-08-20 21:51:11,71.0,21.3
2021-08-20 21:51:12,71.0,21.3
2021-08-20 21:51:13,71.0,21.3
2021-08-20 21:51:14,71.0,21.3
2021-08-20 21:51:16,71.0,21.3
2021-08-20 21:51:17,71.0,21.3
2021-08-20 21:51:18,71.0,21.3
2021-08-20 21:51:19,71.0,21.3
2021-08-20 21:51:20,71.0,21.3
2021-08-20 21:51:21,71.0,21.3
2021-08-20 21:51:22,71.0,21.3
2021-08-20 21:51:23,71.0,21.3
2021-08-20 21:51:24,71.0,21.3
2021-08-20 21:51:25,71.0,21.3
2021-08-20 21:51:26,71.0,21.3
2021-08-20 21:51:27,71.0,21.3
2021-08-20 21:51:28,71.0,21.3
2021-08-20 21:51:29,71.0,21.3
2021-08-20 21:51:30,71.0,21.3
2021-08-20 21:51:31,71.0,21.3
2021-08-20 21:51:32,71.0,21.3
2021-08-20 21:51:33,71.0,21.3
2021-08-20 21:51:34,71.0,21.3
2021-08-20 21:51:35,71.0,21.3
2021-08-20 21:51:36,71.0,21.3
2021-08-20 21:51:37,71.0,21.3
2021-08-20 21:51:38,71.0,21.3
2021-08-20 21:51:39,71.0,21.3
2021-08-20 21:51:40,71.0,21.3
2021-08-20 21:51:41,71.0,21.3
2021-08-20 21:51:42,71.0,21.3
2021-08-20 21:51:43,71.0,21.3
2021-08-20 21:51:44,71.0,21.3
2021-08-20 21:51:45,71.0,21.3
2021-08-20 21:51:46,71.0,21.3
2021-08-20 21:51:47,71.0,21.3
2021-08-20 21:51:48,71.0,21.3
2021-08-20 21:51:49,71.0,21.3
2021-08-20 21:51:50,71.0,21.3
2021-08-20 21:51:51,71.0,21.3
2021-08-20 21:51:52,71.0,21.3
2021-08-20 21:51:53,71.0,21.3
2021-08-20 21:51:54,71.0,21.3
2021-08-20 21:51:55,71.0,21.3
2021-08-20 21:51:56,71.0,21.3
2021-08-20 21:51:57,71.0,21.3
2021-08-20 21:51:58,71.0,21.3
2021-08-20 21:51:59,71.0,21.3
2021-08-20 21:52:00,71.0,21.4
2021-08-20 21:52:01,71.0,21.4
2021-08-20 21:52:02,71.0,21.4
2021-08-20 21:52:03,71.0,21.4
2021-08-20 21:52:04,71.0,21.4
2021-08-20 21:52:05,71.0,21.4
2021-08-20 21:52:06,71.0,21.4
2021-08-20 21:52:07,71.0,21.4
2021-08-20 21:52:08,71.0,21.4
2021-08-20 21:52:09,71.0,21.4
2021-08-20 21:52:10,71.0,21.5
2021-08-20 21:52:11,71.0,21.5
2021-08-20 21:52:12,71.0,21.5
2021-08-20 21:52:13,71.0,21.5
2021-08-20 21:52:14,71.0,21.5
2021-08-20 21:52:15,71.0,21.5
2021-08-20 21:52:16,71.0,21.5
2021-08-20 21:52:17,71.0,21.5
2021-08-20 21:52:18,71.0,21.5
2021-08-20 21:52:19,71.0,21.5
2021-08-20 21:52:20,71.0,21.5
2021-08-20 21:52:21,71.0,21.5
2021-08-20 21:52:22,71.0,21.6
2021-08-20 21:52:23,71.0,21.6
2021-08-20 21:52:24,71.0,21.6
2021-08-20 21:52:25,71.0,21.6
2021-08-20 21:52:26,70.0,21.6
2021-08-20 21:52:27,70.0,21.6
2021-08-20 21:52:29,70.0,21.6
2021-08-20 21:52:30,70.0,21.6
2021-08-20 21:52:31,70.0,21.6
2021-08-20 21:52:32,70.0,21.6
2021-08-20 21:52:33,70.0,21.6
2021-08-20 21:52:34,70.0,21.6
2021-08-20 21:52:35,70.0,21.6
2021-08-20 21:52:36,70.0,21.6
2021-08-20 21:52:37,70.0,21.6
2021-08-20 21:52:38,70.0,21.6
2021-08-20 21:52:39,70.0,21.6
2021-08-20 21:52:40,70.0,21.6
2021-08-20 21:52:41,70.0,21.6
2021-08-20 21:52:42,70.0,21.6
2021-08-20 21:52:43,70.0,21.6
2021-08-20 21:52:44,70.0,21.6
2021-08-20 21:52:45,70.0,21.6
2021-08-20 21:52:46,70.0,21.6
2021-08-20 21:52:47,70.0,21.6
2021-08-20 21:52:48,70.0,21.6
2021-08-20 21:52:49,70.0,21.6
2021-08-20 21:52:50,70.0,21.6
2021-08-20 21:52:51,70.0,21.6
2021-08-20 21:52:52,70.0,21.6
2021-08-20 21:52:53,70.0,21.6
2021-08-20 21:52:54,70.0,21.6
2021-08-20 21:52:55,70.0,21.6
2021-08-20 21:52:56,70.0,21.6
2021-08-20 21:52:57,70.0,21.6
2021-08-20 21:52:58,70.0,21.6
2021-08-20 21:52:59,70.0,21.6
2021-08-20 21:53:00,70.0,21.6
2021-08-20 21:53:01,70.0,21.6
2021-08-20 21:53:02,70.0,21.6
2021-08-20 21:53:03,70.0,21.5
2021-08-20 21:53:04,70.0,21.5
2021-08-20 21:53:05,70.0,21.5
2021-08-20 21:53:06,70.0,21.5
2021-08-20 21:53:07,70.0,21.5
2021-08-20 21:53:08,70.0,21.5
2021-08-20 21:53:09,70.0,21.5
2021-08-20 21:53:10,70.0,21.5
2021-08-20 21:53:11,70.0,21.5
2021-08-20 21:53:12,70.0,21.5
2021-08-20 21:53:13,70.0,21.5
2021-08-20 21:53:14,70.0,21.5
2021-08-20 21:53:15,70.0,21.5
2021-08-20 21:53:16,70.0,21.5
2021-08-20 21:53:17,70.0,21.5
2021-08-20 21:53:18,70.0,21.5
2021-08-20 21:53:19,70.0,21.5
2021-08-20 21:53:20,70.0,21.5
2021-08-20 21:53:21,70.0,21.5
2021-08-20 21:53:22,70.0,21.5
2021-08-20 21:53:23,70.0,21.5
2021-08-20 21:53:24,70.0,21.5
2021-08-20 21:53:25,70.0,21.5
2021-08-20 21:53:26,70.0,21.5
2021-08-20 21:53:27,70.0,21.5
2021-08-20 21:53:28,70.0,21.5
2021-08-20 21:53:29,70.0,21.5
2021-08-20 21:53:30,70.0,21.5
2021-08-20 21:53:31,70.0,21.5
2021-08-20 21:53:32,70.0,21.5
2021-08-20 21:53:33,70.0,21.5
2021-08-20 21:53:34,70.0,21.5
2021-08-20 21:53:35,70.0,21.5
2021-08-20 21:53:36,70.0,21.5
2021-08-20 21:53:37,70.0,21.5
2021-08-20 21:53:38,70.0,21.5
2021-08-20 21:53:39,70.0,21.5
2021-08-20 21:53:40,70.0,21.5
2021-08-20 21:53:42,70.0,21.5
2021-08-20 21:53:43,70.0,21.5
2021-08-20 21:53:44,70.0,21.5
2021-08-20 21:53:45,70.0,21.5
2021-08-20 21:53:46,70.0,21.5
2021-08-20 21:53:47,70.0,21.5
2021-08-20 21:53:48,70.0,21.5
2021-08-20 21:53:49,70.0,21.5
2021-08-20 21:53:50,70.0,21.4
2021-08-20 21:53:51,70.0,21.4
2021-08-20 21:53:52,70.0,21.4
2021-08-20 21:53:53,70.0,21.4
2021-08-20 21:53:54,70.0,21.4
2021-08-20 21:53:55,70.0,21.4
2021-08-20 21:53:56,70.0,21.4
2021-08-20 21:53:57,70.0,21.4
2021-08-20 21:53:58,70.0,21.4
2021-08-20 21:53:59,70.0,21.4
2021-08-20 21:54:00,70.0,21.4
2021-08-20 21:54:01,70.0,21.4
2021-08-20 21:54:02,70.0,21.4
2021-08-20 21:54:03,70.0,21.4
2021-08-20 21:54:04,70.0,21.4
2021-08-20 21:54:05,70.0,21.4
2021-08-20 21:54:06,70.0,21.4
2021-08-20 21:54:07,70.0,21.4
2021-08-20 21:54:08,70.0,21.4
2021-08-20 21:54:09,70.0,21.4
2021-08-20 21:54:10,70.0,21.4
2021-08-20 21:54:11,70.0,21.4
2021-08-20 21:54:12,70.0,21.4
2021-08-20 21:54:13,70.0,21.4
2021-08-20 21:54:14,70.0,21.4
2021-08-20 21:54:15,70.0,21.4
2021-08-20 21:54:16,70.0,21.4
2021-08-20 21:54:17,70.0,21.4
2021-08-20 21:54:18,70.0,21.4
2021-08-20 21:54:19,70.0,21.4
2021-08-20 21:54:20,70.0,21.4
2021-08-20 21:54:21,70.0,21.4
2021-08-20 21:54:22,71.0,21.4
2021-08-20 21:54:23,71.0,21.4
2021-08-20 21:54:24,71.0,21.4
2021-08-20 21:54:25,71.0,21.4
2021-08-20 21:54:26,71.0,21.4
2021-08-20 21:54:27,71.0,21.4
2021-08-20 21:54:28,71.0,21.4
2021-08-20 21:54:29,71.0,21.4
2021-08-20 21:54:30,71.0,21.5
2021-08-20 21:54:31,71.0,21.5
2021-08-20 21:54:32,71.0,21.5
2021-08-20 21:54:33,71.0,21.5
2021-08-20 21:54:34,71.0,21.5
2021-08-20 21:54:35,71.0,21.5
2021-08-20 21:54:36,71.0,21.6
2021-08-20 21:54:37,71.0,21.6
2021-08-20 21:54:38,71.0,21.6
2021-08-20 21:54:39,71.0,21.6
2021-08-20 21:54:40,71.0,21.6
2021-08-20 21:54:41,71.0,21.6
2021-08-20 21:54:42,71.0,21.6
2021-08-20 21:54:43,71.0,21.6
2021-08-20 21:54:44,70.0,21.6
2021-08-20 21:54:45,70.0,21.6
2021-08-20 21:54:46,70.0,21.6
2021-08-20 21:54:47,70.0,21.6
2021-08-20 21:54:48,70.0,21.7
2021-08-20 21:54:49,70.0,21.7
2021-08-20 21:54:50,70.0,21.7
2021-08-20 21:54:51,70.0,21.7
2021-08-20 21:54:52,70.0,21.7
2021-08-20 21:54:53,70.0,21.7
2021-08-20 21:54:54,70.0,21.7
2021-08-20 21:54:55,70.0,21.7
2021-08-20 21:54:57,70.0,21.7
2021-08-20 21:54:58,70.0,21.7
2021-08-20 21:54:59,70.0,21.7
2021-08-20 21:55:00,70.0,21.7
2021-08-20 21:55:01,70.0,21.7
2021-08-20 21:55:02,70.0,21.7
2021-08-20 21:55:03,70.0,21.7
2021-08-20 21:55:04,70.0,21.7
2021-08-20 21:55:05,70.0,21.7
2021-08-20 21:55:06,70.0,21.7
2021-08-20 21:55:07,70.0,21.7
2021-08-20 21:55:08,70.0,21.7
2021-08-20 21:55:09,70.0,21.7
2021-08-20 21:55:10,70.0,21.7
2021-08-20 21:55:11,70.0,21.7
2021-08-20 21:55:12,70.0,21.7
2021-08-20 21:55:13,70.0,21.7
2021-08-20 21:55:14,70.0,21.7
2021-08-20 21:55:15,70.0,21.7
2021-08-20 21:55:16,70.0,21.7
2021-08-20 21:55:17,70.0,21.7
2021-08-20 21:55:18,70.0,21.7
2021-08-20 21:55:19,70.0,21.7
2021-08-20 21:55:20,70.0,21.7
2021-08-20 21:55:21,70.0,21.7
2021-08-20 21:55:22,70.0,21.7
2021-08-20 21:55:23,69.0,21.7
2021-08-20 21:55:24,69.0,21.7
2021-08-20 21:55:25,69.0,21.7
2021-08-20 21:55:26,69.0,21.7
2021-08-20 21:55:27,69.0,21.6
2021-08-20 21:55:28,69.0,21.6
2021-08-20 21:55:29,69.0,21.6
2021-08-20 21:55:30,69.0,21.6
2021-08-20 21:55:31,69.0,21.6
2021-08-20 21:55:32,69.0,21.6
2021-08-20 21:55:33,69.0,21.6
2021-08-20 21:55:34,69.0,21.6
2021-08-20 21:55:35,69.0,21.6
2021-08-20 21:55:36,69.0,21.6
2021-08-20 21:55:37,69.0,21.6
2021-08-20 21:55:38,69.0,21.6
2021-08-20 21:55:39,69.0,21.6
2021-08-20 21:55:40,69.0,21.6
2021-08-20 21:55:41,69.0,21.6
2021-08-20 21:55:42,69.0,21.6
2021-08-20 21:55:43,69.0,21.6
2021-08-20 21:55:44,69.0,21.6
2021-08-20 21:55:45,69.0,21.6
2021-08-20 21:55:46,69.0,21.6
2021-08-20 21:55:47,69.0,21.6
2021-08-20 21:55:48,69.0,21.6
2021-08-20 21:55:49,69.0,21.6
2021-08-20 21:55:50,69.0,21.6
2021-08-20 21:55:51,69.0,21.6
2021-08-20 21:55:52,69.0,21.6
2021-08-20 21:55:53,69.0,21.6
2021-08-20 21:55:54,69.0,21.6
2021-08-20 21:55:55,69.0,21.6
2021-08-20 21:55:56,69.0,21.6
2021-08-20 21:55:57,69.0,21.6
2021-08-20 21:55:58,69.0,21.6
2021-08-20 21:55:59,69.0,21.6
2021-08-20 21:56:00,69.0,21.6
2021-08-20 21:56:01,69.0,21.6
2021-08-20 21:56:02,69.0,21.6
2021-08-20 21:56:03,69.0,21.6
2021-08-20 21:56:04,69.0,21.6
2021-08-20 21:56:05,69.0,21.6
2021-08-20 21:56:06,69.0,21.6
2021-08-20 21:56:07,69.0,21.6
2021-08-20 21:56:08,69.0,21.6
2021-08-20 21:56:10,69.0,21.6
2021-08-20 21:56:11,69.0,21.6
2021-08-20 21:56:12,69.0,21.5
2021-08-20 21:56:13,69.0,21.5
2021-08-20 21:56:14,69.0,21.5
2021-08-20 21:56:15,69.0,21.5
2021-08-20 21:56:16,69.0,21.5
2021-08-20 21:56:17,69.0,21.5
2021-08-20 21:56:18,69.0,21.5
2021-08-20 21:56:19,69.0,21.5
2021-08-20 21:56:20,70.0,21.5
2021-08-20 21:56:21,70.0,21.5
2021-08-20 21:56:22,70.0,21.5
2021-08-20 21:56:23,70.0,21.5
2021-08-20 21:56:24,70.0,21.5
2021-08-20 21:56:25,70.0,21.5
2021-08-20 21:56:26,70.0,21.5
2021-08-20 21:56:27,70.0,21.5
2021-08-20 21:56:28,69.0,21.5
2021-08-20 21:56:29,69.0,21.5
2021-08-20 21:56:30,69.0,21.5
2021-08-20 21:56:31,69.0,21.5
2021-08-20 21:56:32,70.0,21.5
2021-08-20 21:56:33,70.0,21.5
2021-08-20 21:56:34,70.0,21.5
2021-08-20 21:56:35,70.0,21.5
2021-08-20 21:56:36,70.0,21.5
2021-08-20 21:56:37,70.0,21.5
2021-08-20 21:56:38,70.0,21.5
2021-08-20 21:56:39,70.0,21.5
2021-08-20 21:56:40,70.0,21.5
2021-08-20 21:56:41,70.0,21.5
2021-08-20 21:56:42,70.0,21.5
2021-08-20 21:56:43,70.0,21.5
2021-08-20 21:56:44,70.0,21.5
2021-08-20 21:56:45,70.0,21.5
2021-08-20 21:56:46,70.0,21.5
2021-08-20 21:56:47,70.0,21.5
2021-08-20 21:56:48,70.0,21.5
2021-08-20 21:56:49,70.0,21.5
2021-08-20 21:56:50,70.0,21.5
2021-08-20 21:56:51,70.0,21.5
2021-08-20 21:56:52,70.0,21.5
2021-08-20 21:56:53,70.0,21.5
2021-08-20 21:56:54,70.0,21.5
2021-08-20 21:56:55,70.0,21.5
2021-08-20 21:56:56,70.0,21.5
2021-08-20 21:56:57,70.0,21.5
2021-08-20 21:56:58,70.0,21.5
2021-08-20 21:56:59,70.0,21.5
2021-08-20 21:57:00,70.0,21.5
2021-08-20 21:57:01,70.0,21.5
2021-08-20 21:57:02,70.0,21.5
2021-08-20 21:57:03,70.0,21.5
2021-08-20 21:57:04,70.0,21.5
2021-08-20 21:57:05,70.0,21.5
2021-08-20 21:57:06,70.0,21.5
2021-08-20 21:57:07,70.0,21.5
2021-08-20 21:57:08,70.0,21.5
2021-08-20 21:57:09,70.0,21.5
2021-08-20 21:57:10,70.0,21.6
2021-08-20 21:57:11,70.0,21.6
2021-08-20 21:57:12,70.0,21.6
2021-08-20 21:57:13,70.0,21.6
2021-08-20 21:57:14,70.0,21.6
2021-08-20 21:57:15,70.0,21.6
2021-08-20 21:57:16,70.0,21.6
2021-08-20 21:57:17,70.0,21.6
2021-08-20 21:57:18,70.0,21.7
2021-08-20 21:57:19,70.0,21.7
2021-08-20 21:57:20,70.0,21.7
2021-08-20 21:57:21,70.0,21.7
2021-08-20 21:57:22,70.0,21.7
2021-08-20 21:57:24,70.0,21.7
2021-08-20 21:57:25,70.0,21.7
2021-08-20 21:57:26,70.0,21.7
2021-08-20 21:57:27,70.0,21.7
2021-08-20 21:57:28,70.0,21.7
2021-08-20 21:57:29,70.0,21.7
2021-08-20 21:57:30,70.0,21.7
2021-08-20 21:57:31,70.0,21.7
2021-08-20 21:57:32,70.0,21.7
2021-08-20 21:57:33,70.0,21.7
2021-08-20 21:57:34,70.0,21.7
2021-08-20 21:57:35,70.0,21.7
2021-08-20 21:57:36,70.0,21.7
2021-08-20 21:57:37,70.0,21.7
2021-08-20 21:57:38,70.0,21.7
2021-08-20 21:57:39,70.0,21.7
2021-08-20 21:57:40,70.0,21.7
2021-08-20 21:57:41,70.0,21.7
2021-08-20 21:57:42,70.0,21.7
2021-08-20 21:57:43,70.0,21.7
2021-08-20 21:57:44,70.0,21.7
2021-08-20 21:57:45,69.0,21.7
2021-08-20 21:57:46,69.0,21.7
2021-08-20 21:57:47,69.0,21.7
2021-08-20 21:57:48,69.0,21.7
2021-08-20 21:57:49,69.0,21.7
2021-08-20 21:57:50,69.0,21.7
2021-08-20 21:57:51,69.0,21.7
2021-08-20 21:57:52,69.0,21.7
2021-08-20 21:57:53,69.0,21.7
2021-08-20 21:57:54,69.0,21.7
2021-08-20 21:57:55,69.0,21.7
2021-08-20 21:57:56,69.0,21.7
2021-08-20 21:57:57,69.0,21.7
2021-08-20 21:57:58,69.0,21.7
2021-08-20 21:57:59,69.0,21.7
2021-08-20 21:58:00,69.0,21.7
2021-08-20 21:58:01,69.0,21.7
2021-08-20 21:58:02,69.0,21.7
2021-08-20 21:58:03,69.0,21.7
2021-08-20 21:58:04,69.0,21.7
2021-08-20 21:58:05,69.0,21.7
2021-08-20 21:58:06,69.0,21.7
2021-08-20 21:58:07,69.0,21.7
2021-08-20 21:58:08,69.0,21.7
2021-08-20 21:58:09,69.0,21.7
2021-08-20 21:58:10,69.0,21.7
2021-08-20 21:58:11,69.0,21.7
2021-08-20 21:58:12,69.0,21.7
2021-08-20 21:58:13,69.0,21.7
2021-08-20 21:58:14,69.0,21.7
2021-08-20 21:58:15,69.0,21.7
2021-08-20 21:58:16,69.0,21.7
2021-08-20 21:58:17,69.0,21.7
2021-08-20 21:58:18,69.0,21.7
2021-08-20 21:58:19,69.0,21.6
2021-08-20 21:58:20,69.0,21.6
2021-08-20 21:58:21,69.0,21.6
2021-08-20 21:58:22,69.0,21.6
2021-08-20 21:58:23,69.0,21.6
2021-08-20 21:58:24,69.0,21.6
2021-08-20 21:58:25,69.0,21.6
2021-08-20 21:58:26,69.0,21.6
2021-08-20 21:58:27,69.0,21.6
2021-08-20 21:58:28,69.0,21.6
2021-08-20 21:58:29,69.0,21.6
2021-08-20 21:58:30,69.0,21.6
2021-08-20 21:58:31,69.0,21.6
2021-08-20 21:58:32,69.0,21.6
2021-08-20 21:58:33,69.0,21.6
2021-08-20 21:58:34,69.0,21.6
2021-08-20 21:58:35,69.0,21.6
2021-08-20 21:58:36,69.0,21.6
2021-08-20 21:58:38,69.0,21.6
2021-08-20 21:58:39,69.0,21.6
2021-08-20 21:58:40,69.0,21.6
2021-08-20 21:58:41,69.0,21.6
2021-08-20 21:58:42,69.0,21.6
2021-08-20 21:58:43,69.0,21.6
2021-08-20 21:58:44,69.0,21.6
2021-08-20 21:58:45,69.0,21.6
2021-08-20 21:58:46,69.0,21.6
2021-08-20 21:58:47,69.0,21.6
2021-08-20 21:58:48,69.0,21.6
2021-08-20 21:58:49,69.0,21.6
2021-08-20 21:58:50,69.0,21.6
2021-08-20 21:58:51,69.0,21.6
2021-08-20 21:58:52,69.0,21.6
2021-08-20 21:58:53,69.0,21.6
2021-08-20 21:58:54,69.0,21.6
2021-08-20 21:58:55,69.0,21.6
2021-08-20 21:58:56,69.0,21.6
2021-08-20 21:58:57,69.0,21.6
2021-08-20 21:58:58,69.0,21.6
2021-08-20 21:58:59,69.0,21.6
2021-08-20 21:59:00,69.0,21.6
2021-08-20 21:59:01,69.0,21.6
2021-08-20 21:59:02,69.0,21.6
2021-08-20 21:59:03,69.0,21.6
2021-08-20 21:59:04,69.0,21.6
2021-08-20 21:59:05,69.0,21.6
2021-08-20 21:59:06,69.0,21.6
2021-08-20 21:59:07,69.0,21.6
2021-08-20 21:59:08,69.0,21.5
2021-08-20 21:59:09,69.0,21.5
2021-08-20 21:59:10,69.0,21.5
2021-08-20 21:59:11,69.0,21.5
2021-08-20 21:59:12,69.0,21.5
2021-08-20 21:59:13,69.0,21.5
2021-08-20 21:59:14,70.0,21.5
2021-08-20 21:59:15,70.0,21.5
2021-08-20 21:59:16,70.0,21.5
2021-08-20 21:59:17,70.0,21.5
2021-08-20 21:59:18,70.0,21.5
2021-08-20 21:59:19,70.0,21.5
2021-08-20 21:59:20,70.0,21.5
2021-08-20 21:59:21,70.0,21.5
2021-08-20 21:59:22,70.0,21.5
2021-08-20 21:59:23,70.0,21.5
2021-08-20 21:59:24,70.0,21.5
2021-08-20 21:59:25,70.0,21.5
2021-08-20 21:59:26,70.0,21.5
2021-08-20 21:59:27,70.0,21.5
2021-08-20 21:59:28,70.0,21.5
2021-08-20 21:59:29,70.0,21.5
2021-08-20 21:59:30,70.0,21.5
2021-08-20 21:59:31,70.0,21.5
2021-08-20 21:59:32,70.0,21.5
2021-08-20 21:59:33,70.0,21.5
2021-08-20 21:59:34,70.0,21.5
2021-08-20 21:59:35,70.0,21.5
2021-08-20 21:59:36,70.0,21.5
2021-08-20 21:59:37,70.0,21.5
2021-08-20 21:59:38,70.0,21.5
2021-08-20 21:59:39,70.0,21.5
2021-08-20 21:59:40,70.0,21.5
2021-08-20 21:59:41,70.0,21.5
2021-08-20 21:59:42,70.0,21.5
2021-08-20 21:59:43,70.0,21.5
2021-08-20 21:59:44,70.0,21.5
2021-08-20 21:59:45,70.0,21.5
2021-08-20 21:59:46,70.0,21.5
2021-08-20 21:59:47,70.0,21.5
2021-08-20 21:59:48,70.0,21.5
2021-08-20 21:59:49,70.0,21.5
2021-08-20 21:59:51,70.0,21.5
2021-08-20 21:59:52,70.0,21.5
2021-08-20 21:59:53,70.0,21.5
2021-08-20 21:59:54,70.0,21.5
2021-08-20 21:59:55,70.0,21.5
2021-08-20 21:59:56,70.0,21.5
2021-08-20 21:59:57,70.0,21.5
2021-08-20 21:59:58,70.0,21.5
2021-08-20 21:59:59,70.0,21.5
2021-08-20 22:00:00,70.0,21.5
2021-08-20 22:00:01,70.0,21.5
2021-08-20 22:00:02,70.0,21.5
2021-08-20 22:00:03,70.0,21.5
2021-08-20 22:00:04,70.0,21.5
2021-08-20 22:00:05,70.0,21.5
2021-08-20 22:00:06,70.0,21.5
2021-08-20 22:00:07,70.0,21.4
2021-08-20 22:00:08,70.0,21.4
2021-08-20 22:00:09,70.0,21.5
2021-08-20 22:00:10,70.0,21.5
2021-08-20 22:00:11,70.0,21.5
2021-08-20 22:00:12,70.0,21.5
2021-08-20 22:00:13,70.0,21.4
2021-08-20 22:00:14,70.0,21.4
2021-08-20 22:00:15,70.0,21.4
2021-08-20 22:00:16,70.0,21.4
2021-08-20 22:00:17,70.0,21.4
2021-08-20 22:00:18,70.0,21.4
2021-08-20 22:00:19,70.0,21.4
2021-08-20 22:00:20,70.0,21.4
2021-08-20 22:00:21,70.0,21.4
2021-08-20 22:00:22,70.0,21.4
2021-08-20 22:00:23,70.0,21.4
2021-08-20 22:00:24,70.0,21.4
2021-08-20 22:00:25,70.0,21.4
2021-08-20 22:00:26,70.0,21.4
2021-08-20 22:00:27,70.0,21.4
2021-08-20 22:00:28,70.0,21.4
2021-08-20 22:00:29,70.0,21.4
2021-08-20 22:00:30,70.0,21.4
2021-08-20 22:00:31,70.0,21.4
2021-08-20 22:00:32,70.0,21.4
2021-08-20 22:00:33,70.0,21.4
2021-08-20 22:00:34,70.0,21.4
2021-08-20 22:00:35,70.0,21.4
2021-08-20 22:00:36,70.0,21.4
2021-08-20 22:00:37,70.0,21.4
2021-08-20 22:00:38,70.0,21.4
2021-08-20 22:00:39,70.0,21.4
2021-08-20 22:00:40,70.0,21.4
2021-08-20 22:00:41,70.0,21.4
2021-08-20 22:00:42,70.0,21.4
2021-08-20 22:00:43,70.0,21.4
2021-08-20 22:00:44,70.0,21.4
2021-08-20 22:00:45,70.0,21.4
2021-08-20 22:00:46,70.0,21.4
2021-08-20 22:00:47,70.0,21.4
2021-08-20 22:00:48,70.0,21.4
2021-08-20 22:00:49,70.0,21.4
2021-08-20 22:00:50,70.0,21.4
2021-08-20 22:00:51,70.0,21.4
2021-08-20 22:00:52,70.0,21.4
2021-08-20 22:00:53,70.0,21.4
2021-08-20 22:00:54,70.0,21.4
2021-08-20 22:00:55,70.0,21.4
2021-08-20 22:00:56,70.0,21.4
2021-08-20 22:00:57,70.0,21.4
2021-08-20 22:00:58,70.0,21.4
2021-08-20 22:00:59,70.0,21.4
2021-08-20 22:01:00,70.0,21.4
2021-08-20 22:01:01,70.0,21.4
2021-08-20 22:01:02,70.0,21.4
2021-08-20 22:01:03,70.0,21.4
2021-08-20 22:01:04,70.0,21.4
2021-08-20 22:01:06,70.0,21.4
2021-08-20 22:01:07,70.0,21.4
2021-08-20 22:01:08,70.0,21.4
2021-08-20 22:01:09,70.0,21.4
2021-08-20 22:01:10,70.0,21.4
2021-08-20 22:01:11,70.0,21.4
2021-08-20 22:01:12,70.0,21.4
2021-08-20 22:01:13,70.0,21.4
2021-08-20 22:01:14,70.0,21.4
2021-08-20 22:01:15,70.0,21.4
2021-08-20 22:01:16,70.0,21.4
2021-08-20 22:01:17,70.0,21.4
2021-08-20 22:01:18,70.0,21.4
2021-08-20 22:01:19,70.0,21.4
2021-08-20 22:01:20,71.0,21.4
2021-08-20 22:01:21,71.0,21.4
2021-08-20 22:01:22,71.0,21.4
2021-08-20 22:01:23,71.0,21.4
2021-08-20 22:01:24,71.0,21.4
2021-08-20 22:01:25,71.0,21.4
2021-08-20 22:01:26,71.0,21.4
2021-08-20 22:01:27,71.0,21.4
2021-08-20 22:01:28,71.0,21.4
2021-08-20 22:01:29,71.0,21.4
2021-08-20 22:01:30,71.0,21.4
2021-08-20 22:01:31,71.0,21.4
2021-08-20 22:01:32,71.0,21.4
2021-08-20 22:01:33,71.0,21.4
2021-08-20 22:01:34,71.0,21.4
2021-08-20 22:01:35,71.0,21.4
2021-08-20 22:01:36,71.0,21.4
2021-08-20 22:01:37,71.0,21.4
2021-08-20 22:01:38,71.0,21.4
2021-08-20 22:01:39,71.0,21.4
2021-08-20 22:01:40,71.0,21.4
2021-08-20 22:01:41,71.0,21.4
2021-08-20 22:01:42,71.0,21.4
2021-08-20 22:01:43,71.0,21.4
2021-08-20 22:01:44,71.0,21.4
2021-08-20 22:01:45,71.0,21.4
2021-08-20 22:01:46,71.0,21.4
2021-08-20 22:01:47,71.0,21.4
2021-08-20 22:01:48,71.0,21.4
2021-08-20 22:01:49,71.0,21.4
2021-08-20 22:01:50,71.0,21.4
2021-08-20 22:01:51,71.0,21.4
2021-08-20 22:01:52,71.0,21.4
2021-08-20 22:01:53,71.0,21.4
2021-08-20 22:01:54,71.0,21.4
2021-08-20 22:01:55,71.0,21.4
2021-08-20 22:01:56,71.0,21.4
2021-08-20 22:01:57,71.0,21.4
2021-08-20 22:01:58,71.0,21.4
2021-08-20 22:01:59,71.0,21.4
2021-08-20 22:02:00,71.0,21.4
2021-08-20 22:02:01,71.0,21.4
2021-08-20 22:02:02,71.0,21.4
2021-08-20 22:02:03,71.0,21.4
2021-08-20 22:02:04,71.0,21.4
2021-08-20 22:02:05,71.0,21.4
2021-08-20 22:02:06,71.0,21.4
2021-08-20 22:02:07,71.0,21.4
2021-08-20 22:02:08,71.0,21.4
2021-08-20 22:02:09,71.0,21.4
2021-08-20 22:02:10,71.0,21.4
2021-08-20 22:02:11,71.0,21.4
2021-08-20 22:02:12,71.0,21.4
2021-08-20 22:02:13,71.0,21.4
2021-08-20 22:02:14,71.0,21.4
2021-08-20 22:02:15,71.0,21.4
2021-08-20 22:02:16,71.0,21.4
2021-08-20 22:02:17,71.0,21.4
2021-08-20 22:02:19,71.0,21.4
2021-08-20 22:02:20,71.0,21.4
2021-08-20 22:02:21,71.0,21.4
2021-08-20 22:02:22,71.0,21.4
2021-08-20 22:02:23,71.0,21.4
2021-08-20 22:02:24,71.0,21.4
2021-08-20 22:02:25,71.0,21.4
2021-08-20 22:02:26,71.0,21.4
2021-08-20 22:02:27,71.0,21.4
2021-08-20 22:02:28,71.0,21.4
2021-08-20 22:02:29,71.0,21.4
2021-08-20 22:02:30,71.0,21.4
2021-08-20 22:02:31,71.0,21.4
2021-08-20 22:02:32,71.0,21.4
2021-08-20 22:02:33,71.0,21.4
2021-08-20 22:02:34,71.0,21.4
2021-08-20 22:02:35,71.0,21.4
2021-08-20 22:02:36,71.0,21.4
2021-08-20 22:02:37,71.0,21.4
2021-08-20 22:02:38,71.0,21.4
2021-08-20 22:02:39,71.0,21.4
2021-08-20 22:02:40,71.0,21.4
2021-08-20 22:02:41,71.0,21.4
2021-08-20 22:02:42,71.0,21.4
2021-08-20 22:02:43,71.0,21.4
2021-08-20 22:02:44,71.0,21.4
2021-08-20 22:02:45,71.0,21.4
2021-08-20 22:02:46,71.0,21.4
2021-08-20 22:02:47,71.0,21.4
2021-08-20 22:02:48,71.0,21.4
2021-08-20 22:02:49,71.0,21.4
2021-08-20 22:02:50,71.0,21.4
2021-08-20 22:02:51,71.0,21.4
2021-08-20 22:02:52,71.0,21.4
2021-08-20 22:02:53,71.0,21.4
2021-08-20 22:02:54,71.0,21.4
2021-08-20 22:02:55,71.0,21.4
2021-08-20 22:02:56,71.0,21.4
2021-08-20 22:02:57,71.0,21.4
2021-08-20 22:02:58,71.0,21.4
2021-08-20 22:02:59,71.0,21.4
2021-08-20 22:03:00,71.0,21.4
2021-08-20 22:03:01,71.0,21.4
2021-08-20 22:03:02,71.0,21.4
2021-08-20 22:03:03,71.0,21.4
2021-08-20 22:03:04,71.0,21.4
2021-08-20 22:03:05,71.0,21.4
2021-08-20 22:03:06,71.0,21.4
2021-08-20 22:03:07,71.0,21.4
2021-08-20 22:03:08,71.0,21.4
2021-08-20 22:03:09,71.0,21.4
2021-08-20 22:03:10,71.0,21.4
2021-08-20 22:03:11,71.0,21.4
2021-08-20 22:03:12,71.0,21.4
2021-08-20 22:03:13,71.0,21.5
2021-08-20 22:03:14,71.0,21.5
2021-08-20 22:03:15,71.0,21.5
2021-08-20 22:03:16,71.0,21.5
2021-08-20 22:03:17,71.0,21.5
2021-08-20 22:03:18,71.0,21.5
2021-08-20 22:03:19,71.0,21.5
2021-08-20 22:03:20,71.0,21.5
2021-08-20 22:03:21,71.0,21.5
2021-08-20 22:03:22,71.0,21.5
2021-08-20 22:03:23,71.0,21.6
2021-08-20 22:03:24,71.0,21.6
2021-08-20 22:03:25,71.0,21.6
2021-08-20 22:03:26,71.0,21.6
2021-08-20 22:03:27,71.0,21.6
2021-08-20 22:03:28,71.0,21.6
2021-08-20 22:03:29,71.0,21.6
2021-08-20 22:03:30,71.0,21.6
2021-08-20 22:03:31,70.0,21.6
2021-08-20 22:03:33,70.0,21.6
2021-08-20 22:03:34,70.0,21.6
2021-08-20 22:03:35,70.0,21.6
2021-08-20 22:03:36,70.0,21.6
2021-08-20 22:03:37,70.0,21.6
2021-08-20 22:03:38,70.0,21.6
2021-08-20 22:03:39,70.0,21.6
2021-08-20 22:03:40,70.0,21.6
2021-08-20 22:03:41,70.0,21.6
2021-08-20 22:03:42,70.0,21.6
2021-08-20 22:03:43,70.0,21.6
2021-08-20 22:03:44,70.0,21.6
2021-08-20 22:03:45,70.0,21.6
2021-08-20 22:03:46,70.0,21.6
2021-08-20 22:03:47,70.0,21.6
2021-08-20 22:03:48,70.0,21.6
2021-08-20 22:03:49,70.0,21.6
2021-08-20 22:03:50,70.0,21.6
2021-08-20 22:03:51,70.0,21.6
2021-08-20 22:03:52,70.0,21.6
2021-08-20 22:03:53,70.0,21.6
2021-08-20 22:03:54,70.0,21.6
2021-08-20 22:03:55,70.0,21.6
2021-08-20 22:03:56,70.0,21.6
2021-08-20 22:03:57,70.0,21.6
2021-08-20 22:03:58,70.0,21.6
2021-08-20 22:03:59,70.0,21.6
2021-08-20 22:04:00,70.0,21.6
2021-08-20 22:04:01,70.0,21.6
2021-08-20 22:04:02,70.0,21.6
2021-08-20 22:04:03,70.0,21.6
2021-08-20 22:04:04,70.0,21.6
2021-08-20 22:04:05,70.0,21.6
2021-08-20 22:04:06,70.0,21.6
2021-08-20 22:04:07,70.0,21.6
2021-08-20 22:04:08,70.0,21.6
2021-08-20 22:04:09,70.0,21.6
2021-08-20 22:04:10,70.0,21.6
2021-08-20 22:04:11,70.0,21.6
2021-08-20 22:04:12,70.0,21.6
2021-08-20 22:04:13,70.0,21.6
2021-08-20 22:04:14,70.0,21.6
2021-08-20 22:04:15,70.0,21.6
2021-08-20 22:04:16,70.0,21.6
2021-08-20 22:04:17,70.0,21.6
2021-08-20 22:04:18,70.0,21.6
2021-08-20 22:04:19,70.0,21.6
2021-08-20 22:04:20,70.0,21.6
2021-08-20 22:04:21,70.0,21.6
2021-08-20 22:04:22,70.0,21.6
2021-08-20 22:04:23,70.0,21.6
2021-08-20 22:04:24,70.0,21.6
2021-08-20 22:04:25,70.0,21.6
2021-08-20 22:04:26,70.0,21.6
2021-08-20 22:04:27,70.0,21.6
2021-08-20 22:04:28,70.0,21.6
2021-08-20 22:04:29,70.0,21.6
2021-08-20 22:04:30,70.0,21.6
2021-08-20 22:04:31,70.0,21.6
2021-08-20 22:04:32,70.0,21.6
2021-08-20 22:04:33,70.0,21.6
2021-08-20 22:04:34,70.0,21.6
2021-08-20 22:04:35,70.0,21.6
2021-08-20 22:04:36,70.0,21.6
2021-08-20 22:04:37,70.0,21.6
2021-08-20 22:04:38,70.0,21.6
2021-08-20 22:04:39,70.0,21.6
2021-08-20 22:04:40,70.0,21.6
2021-08-20 22:04:41,70.0,21.6
2021-08-20 22:04:42,70.0,21.6
2021-08-20 22:04:43,70.0,21.6
2021-08-20 22:04:44,70.0,21.6
2021-08-20 22:04:45,70.0,21.6
2021-08-20 22:04:47,70.0,21.6
2021-08-20 22:04:48,70.0,21.6
2021-08-20 22:04:49,70.0,21.6
2021-08-20 22:04:50,70.0,21.6
2021-08-20 22:04:51,70.0,21.6
2021-08-20 22:04:52,70.0,21.6
2021-08-20 22:04:53,70.0,21.5
2021-08-20 22:04:54,70.0,21.5
2021-08-20 22:04:55,70.0,21.6
2021-08-20 22:04:56,70.0,21.6
2021-08-20 22:04:57,70.0,21.6
2021-08-20 22:04:58,70.0,21.6
2021-08-20 22:04:59,70.0,21.5
2021-08-20 22:05:00,70.0,21.5
2021-08-20 22:05:01,70.0,21.5
2021-08-20 22:05:02,70.0,21.5
2021-08-20 22:05:03,70.0,21.5
2021-08-20 22:05:04,70.0,21.5
2021-08-20 22:05:05,70.0,21.5
2021-08-20 22:05:06,70.0,21.5
2021-08-20 22:05:07,70.0,21.5
2021-08-20 22:05:08,70.0,21.5
2021-08-20 22:05:09,70.0,21.5
2021-08-20 22:05:10,70.0,21.5
2021-08-20 22:05:11,70.0,21.5
2021-08-20 22:05:12,70.0,21.5
2021-08-20 22:05:13,70.0,21.5
2021-08-20 22:05:14,70.0,21.5
2021-08-20 22:05:15,70.0,21.5
2021-08-20 22:05:16,70.0,21.5
2021-08-20 22:05:17,70.0,21.5
2021-08-20 22:05:18,70.0,21.5
2021-08-20 22:05:19,70.0,21.5
2021-08-20 22:05:20,70.0,21.5
2021-08-20 22:05:21,70.0,21.5
2021-08-20 22:05:22,70.0,21.5
2021-08-20 22:05:23,70.0,21.5
2021-08-20 22:05:24,70.0,21.5
2021-08-20 22:05:25,70.0,21.5
2021-08-20 22:05:26,70.0,21.5
2021-08-20 22:05:27,70.0,21.5
2021-08-20 22:05:28,70.0,21.5
2021-08-20 22:05:29,70.0,21.5
2021-08-20 22:05:30,70.0,21.5
2021-08-20 22:05:31,70.0,21.5
2021-08-20 22:05:32,70.0,21.5
2021-08-20 22:05:33,70.0,21.5
2021-08-20 22:05:34,70.0,21.5
2021-08-20 22:05:35,70.0,21.5
2021-08-20 22:05:36,70.0,21.5
2021-08-20 22:05:37,70.0,21.5
2021-08-20 22:05:38,70.0,21.5
2021-08-20 22:05:39,70.0,21.5
2021-08-20 22:05:40,70.0,21.5
2021-08-20 22:05:41,70.0,21.5
2021-08-20 22:05:42,70.0,21.5
2021-08-20 22:05:43,70.0,21.5
2021-08-20 22:05:44,70.0,21.5
2021-08-20 22:05:45,70.0,21.5
2021-08-20 22:05:46,70.0,21.5
2021-08-20 22:05:47,70.0,21.5
2021-08-20 22:05:48,70.0,21.5
2021-08-20 22:05:49,70.0,21.5
2021-08-20 22:05:50,70.0,21.5
2021-08-20 22:05:51,70.0,21.5
2021-08-20 22:05:52,70.0,21.5
2021-08-20 22:05:53,70.0,21.5
2021-08-20 22:05:54,70.0,21.5
2021-08-20 22:05:55,70.0,21.5
2021-08-20 22:05:56,70.0,21.5
2021-08-20 22:05:57,70.0,21.5
2021-08-20 22:05:58,70.0,21.5
2021-08-20 22:06:00,70.0,21.5
2021-08-20 22:06:01,70.0,21.5
2021-08-20 22:06:02,71.0,21.5
2021-08-20 22:06:03,71.0,21.5
2021-08-20 22:06:04,70.0,21.5
2021-08-20 22:06:05,70.0,21.5
2021-08-20 22:06:06,71.0,21.5
2021-08-20 22:06:07,71.0,21.5
2021-08-20 22:06:08,70.0,21.5
2021-08-20 22:06:09,70.0,21.5
